{"cameraMode":{"drawMode":0,"name":"Shaded","section":"Shading Mode"},"sceneLighting":false,"audioPlay":false,"sceneViewState":{"showFog":true,"showMaterialUpdate":false,"showSkybox":false,"showFlares":true,"showImageEffects":true,"showParticleSystems":true},"in2DMode":false,"pivot":{"x":44.89889144897461,"y":16.705501556396486,"z":21.64851188659668},"rotation":{"x":0.1295556128025055,"y":0.20807646214962007,"z":-0.02781534381210804,"w":0.969099223613739},"size":1.2535285949707032,"orthographic":false}